{"minzoom":0,"maxzoom":9,"center":[18.632813,1.054608,9.0],"bounds":[12.204143,-13.455675,31.305912,5.386098]}