{"minzoom":0,"maxzoom":8,"center":[23.203125,-6.314827,8.0],"bounds":[12.204143,-13.455675,31.305912,5.386098]}